Loại câu hỏi	Nội dung câu hỏi	Link ảnh minh họa	Đáp án A	Đáp án B	Đáp án C	Đáp án D	Đáp án đúng	Gợi ý cho bé	Lời giải thích chi tiết
multiple_choice	Một ngày có bao nhiêu giờ?		12 giờ	24 giờ	60 giờ	30 giờ	B	Một ngày bắt đầu từ 12 giờ đêm hôm trước đến 12 giờ đêm hôm sau.	Một ngày có 24 giờ. Bắt đầu từ 12 giờ đêm hôm trước đến 12 giờ đêm hôm sau.
multiple_choice	Một giờ có bao nhiêu phút?		24 phút	30 phút	60 phút	100 phút	C	Kim phút quay trọn một vòng đồng hồ từ số 12 đến số 12.	Quy ước thời gian: 1 giờ = 60 phút.
multiple_choice	13 giờ còn được gọi là mấy giờ?		1 giờ trưa	1 giờ chiều	3 giờ chiều	1 giờ sáng	B	Lấy 13 trừ đi 12 để ra giờ buổi chiều.	13 giờ - 12 giờ = 1 giờ chiều.
multiple_choice	8 giờ tối còn có cách gọi khác là gì?		18 giờ	19 giờ	20 giờ	21 giờ	C	Lấy 8 cộng thêm 12 giờ.	8 giờ tối tương ứng với 8 + 12 = 20 giờ.
multiple_choice	Khoảng thời gian từ 13 giờ đến 17 giờ thuộc buổi nào trong ngày?		Buổi sáng	Buổi trưa	Buổi chiều	Buổi tối	C	Buổi chiều bắt đầu từ 1 giờ chiều (13 giờ) đến 5 giờ chiều (17 giờ).	Buổi chiều tính từ 13 giờ (1 giờ chiều) đến 17 giờ (5 giờ chiều).
multiple_choice	15 giờ chiều tương ứng với mấy giờ?		3 giờ chiều	5 giờ chiều	4 giờ chiều	2 giờ chiều	A	Lấy 15 trừ đi 12.	15 giờ = 15 - 12 = 3 giờ chiều.
multiple_choice	Nửa giờ bằng bao nhiêu phút?		15 phút	20 phút	30 phút	45 phút	C	Một giờ có 60 phút, một nửa của 60 là bao nhiêu?	1 giờ = 60 phút, vậy nửa giờ = 60 : 2 = 30 phút (hay còn gọi là rưỡi).
multiple_choice	Buổi sáng trong ngày được tính từ mấy giờ đến mấy giờ?		Từ 1 giờ sáng đến 10 giờ sáng	Từ 6 giờ sáng đến 12 giờ trưa	Từ 12 giờ đêm đến 6 giờ sáng	Từ 11 giờ đến 14 giờ	A	Theo chương trình Toán lớp 2, buổi sáng tính từ 1 giờ sáng đến 10 giờ sáng.	Theo phân chia các buổi trong ngày môn Toán tiểu học: Buổi sáng tính từ 1 giờ đến 10 giờ.
multiple_choice	22 giờ đêm tương ứng với mấy giờ đêm?		9 giờ đêm	10 giờ đêm	11 giờ đêm	12 giờ đêm	B	Lấy 22 trừ 12.	22 giờ = 22 - 12 = 10 giờ đêm.
multiple_choice	17 giờ còn gọi là mấy giờ chiều?		4 giờ chiều	5 giờ chiều	6 giờ chiều	7 giờ chiều	B	Lấy 17 trừ đi 12.	17 - 12 = 5 giờ chiều.
multiple_select	Những mốc thời gian nào dưới đây thuộc BUỔI CHIỀU? (Chọn các đáp án đúng)		14 giờ	16 giờ	19 giờ	17 giờ	A, B, D	Buổi chiều là từ 13 giờ đến 17 giờ (1 giờ chiều đến 5 giờ chiều).	Buổi chiều gồm 13h, 14h, 15h, 16h, 17h. Còn 19 giờ thuộc buổi tối.
multiple_select	Những cách nói nào sau đây chỉ CÙNG MỘT MỐC THỜI GIAN? (Chọn các đáp án đúng)		18 giờ	6 giờ tối	6 giờ sáng	18 giờ tối	A, B	18 giờ chính là 6 giờ tối.	18 giờ và 6 giờ tối là cùng một thời điểm. (18 giờ tối là cách nói trùng lặp sai).
multiple_select	Các mốc thời gian nào sau đây thuộc BUỔI TỐI? (Chọn các đáp án đúng)		18 giờ (6 giờ tối)	20 giờ (8 giờ tối)	21 giờ (9 giờ tối)	23 giờ (11 giờ đêm)	A, B, C	Buổi tối tính từ 18 giờ đến 21 giờ.	Buổi tối tính từ 18h đến 21h (6h tối đến 9h tối). 23 giờ thuộc buổi đêm.
multiple_select	Chọn những khẳng định ĐÚNG về đơn vị đo thời gian:		1 ngày có 24 giờ	1 giờ có 60 phút	1 giờ có 100 phút	12 giờ đêm còn gọi là 24 giờ	A, B, D	Nhớ lại các quy ước cơ bản giữa ngày, giờ và phút.	1 ngày = 24 giờ; 1 giờ = 60 phút; 12 giờ đêm kết thúc một ngày gọi là 24 giờ.
fill_blank	Điền số thích hợp vào chỗ trống: 1 ngày = ___ giờ					24	Số giờ trong một ngày đêm.	1 ngày có 24 giờ. Số cần điền là 24.
fill_blank	Điền số thích hợp vào chỗ trống: 1 giờ = ___ phút					60	Số phút trong 1 giờ đồng hồ.	1 giờ = 60 phút. Số cần điền là 60.
fill_blank	14 giờ tương ứng với ___ giờ chiều.					2	Lấy 14 trừ đi 12.	14 - 12 = 2. Vậy 14 giờ là 2 giờ chiều.
fill_blank	7 giờ tối còn được gọi là ___ giờ.					19	Lấy 7 cộng thêm 12.	7 + 12 = 19. Vậy 7 giờ tối là 19 giờ.
fill_blank	Điền số: 2 giờ = ___ phút					120	Lấy 60 cộng với 60.	1 giờ = 60 phút, vậy 2 giờ = 60 x 2 = 120 phút.
fill_blank	Điền từ thích hợp (sáng, trưa, chiều hay tối): 15 giờ thuộc buổi ___					chiều	15 giờ là 3 giờ chiều.	15 giờ = 3 giờ chiều, do đó thuộc buổi chiều.
true_false	19 giờ là 8 giờ tối. Đúng hay Sai?		Đúng	Sai			Sai	Lấy 19 trừ đi 12 xem ra mấy giờ tối.	19 - 12 = 7 giờ tối. Khẳng định trên nói là 8 giờ tối là SAI.
true_false	Một ngày bắt đầu từ 12 giờ đêm hôm trước đến 12 giờ đêm hôm sau. Đúng hay Sai?		Đúng	Sai			Đúng	Khái niệm trọn vẹn một ngày đêm trong 24 giờ.	Khẳng định ĐÚNG. Một ngày được tính đủ 24 giờ từ 12 giờ đêm hôm trước đến 12 giờ đêm hôm sau.
true_false	16 giờ chiều và 4 giờ chiều chỉ cùng một thời điểm. Đúng hay Sai?		Đúng	Sai			Đúng	16 - 12 = 4.	Khẳng định ĐÚNG. 16 giờ chính là 4 giờ chiều.
true_false	Nửa ngày có 12 giờ. Đúng hay Sai?		Đúng	Sai			Đúng	Lấy 24 chia cho 2.	Khẳng định ĐÚNG. Một ngày có 24 giờ nên nửa ngày là 24 : 2 = 12 giờ.
true_false	90 phút bằng 1 giờ 30 phút. Đúng hay Sai?		Đúng	Sai			Đúng	1 giờ = 60 phút, 60 phút + 30 phút = 90 phút.	Khẳng định ĐÚNG. 1 giờ 30 phút = 60 + 30 = 90 phút.
matching	Nối giờ theo hệ 24 giờ với cách gọi buổi tương ứng:		13 giờ || 1 giờ chiều	16 giờ || 4 giờ chiều	20 giờ || 8 giờ tối	23 giờ || 11 giờ đêm	1-A, 2-B, 3-C, 4-D	Lấy số giờ trừ đi 12 để tìm giờ theo buổi chiều, tối, đêm.	13h = 1h chiều; 16h = 4h chiều; 20h = 8h tối; 23h = 11h đêm.
matching	Nối các mốc giờ 24h với cách đọc thông thường:		14 giờ || 2 giờ chiều	18 giờ || 6 giờ tối	21 giờ || 9 giờ tối	22 giờ || 10 giờ đêm	1-A, 2-B, 3-C, 4-D	Thực hiện phép trừ với 12.	14h - 12 = 2h chiều; 18h - 12 = 6h tối; 21h - 12 = 9h tối; 22h - 12 = 10h đêm.
matching	Nối khoảng thời gian tương ứng:		1 ngày || 24 giờ	1 giờ || 60 phút	Nửa giờ || 30 phút	Nửa ngày || 12 giờ	1-A, 2-B, 3-C, 4-D	Dựa vào bảng quy đổi đơn vị thời gian chuẩn.	1 ngày = 24 giờ; 1 giờ = 60 phút; nửa giờ = 30 phút; nửa ngày = 12 giờ.
matching	Nối các mốc giờ với buổi trong ngày phù hợp nhất:		8 giờ || Buổi sáng	12 giờ || Buổi trưa	15 giờ || Buổi chiều	20 giờ || Buổi tối	1-A, 2-B, 3-C, 4-D	Xác định buổi sáng, trưa, chiều, tối.	8h thuộc sáng; 12h thuộc trưa; 15h thuộc chiều; 20h thuộc tối.
multiple_choice	Bé Mai đi ngủ lúc 21 giờ. Lúc đó là mấy giờ tối?		8 giờ tối	9 giờ tối	10 giờ tối	7 giờ tối	B	Lấy 21 trừ đi 12.	21 - 12 = 9 giờ tối. Vậy bé Mai đi ngủ lúc 9 giờ tối.
multiple_choice	Một năm có bao nhiêu tháng?		10 tháng	11 tháng	12 tháng	14 tháng	C	Kể tên các tháng từ tháng 1 đến tháng 12.	Một năm có 12 tháng, từ tháng 1 (tháng Giêng) đến tháng 12 (tháng Chạp).
multiple_choice	Một tuần lễ có bao nhiêu ngày?		5 ngày	6 ngày	7 ngày	8 ngày	C	Đếm từ Thứ Hai đến Chủ Nhật.	Một tuần lễ có 7 ngày: Thứ Hai, Thứ Ba, Thứ Tư, Thứ Năm, Thứ Sáu, Thứ Bảy, Chủ Nhật.
multiple_choice	Tháng nào dưới đây có 31 ngày?		Tháng 4	Tháng 6	Tháng 7	Tháng 9	C	Dùng quy tắc nắm bàn tay hoặc nhớ các tháng: 1, 3, 5, 7, 8, 10, 12.	Tháng 7 có 31 ngày. Các tháng 4, 6, 9 có 30 ngày.
multiple_choice	Tháng nào dưới đây chỉ có 30 ngày?		Tháng 1	Tháng 3	Tháng 5	Tháng 4	D	Các tháng có 30 ngày là: 4, 6, 9, 11.	Tháng 4 có 30 ngày. Các tháng 1, 3, 5 đều có 31 ngày.
multiple_choice	Tháng 2 thường có bao nhiêu ngày?		28 hoặc 29 ngày	30 ngày	31 ngày	27 ngày	A	Tháng 2 là tháng đặc biệt nhất trong năm.	Tháng 2 có 28 ngày (ở năm thường) hoặc 29 ngày (ở năm nhuận).
multiple_choice	Nếu ngày 8 tháng 3 là thứ Tư thì ngày 15 tháng 3 cùng năm đó là thứ mấy?		Thứ Ba	Thứ Tư	Thứ Năm	Thứ Sáu	B	8 + 7 = 15, tức là đúng 1 tuần sau.	Khoảng cách giữa ngày 8 và ngày 15 là 15 - 8 = 7 ngày (tròn 1 tuần lễ). Do đó ngày 15 tháng 3 vẫn là thứ Tư.
multiple_choice	Hôm nay là thứ Sáu ngày 10. Thứ Sáu tuần trước là ngày bao nhiêu?		Ngày 2	Ngày 3	Ngày 4	Ngày 17	B	Tuần trước thì lấy ngày hôm nay trừ đi 7 ngày.	10 - 7 = 3. Vậy thứ Sáu tuần trước là ngày 3.
multiple_choice	Ngày Quốc tế Thiếu nhi 1 tháng 6 thuộc về tháng có bao nhiêu ngày?		28 ngày	29 ngày	30 ngày	31 ngày	C	Tháng 6 có bao nhiêu ngày?	Tháng 6 là tháng có 30 ngày.
multiple_choice	Ngày liền sau của ngày 31 tháng 12 là ngày nào?		Ngày 1 tháng 12	Ngày 1 tháng 1 năm sau	Ngày 32 tháng 12	Ngày 30 tháng 12	B	Ngày 31 tháng 12 là ngày cuối cùng của năm.	Ngày 31 tháng 12 là ngày cuối năm, ngày tiếp theo sẽ là ngày 1 tháng 1 (Tết Dương lịch) của năm mới.
multiple_choice	Có bao nhiêu tháng trong năm có 31 ngày?		5 tháng	6 tháng	7 tháng	8 tháng	C	Các tháng 1, 3, 5, 7, 8, 10, 12.	Có tất cả 7 tháng có 31 ngày: Tháng 1, Tháng 3, Tháng 5, Tháng 7, Tháng 8, Tháng 10, Tháng 12.
multiple_select	Những tháng nào dưới đây CÓ 31 NGÀY? (Chọn tất cả các đáp án đúng)		Tháng 1	Tháng 3	Tháng 4	Tháng 8	A, B, D	Tháng 1, 3, 5, 7, 8, 10, 12 có 31 ngày.	Tháng 1, tháng 3 và tháng 8 có 31 ngày. Tháng 4 có 30 ngày.
multiple_select	Những tháng nào dưới đây CÓ 30 NGÀY? (Chọn tất cả các đáp án đúng)		Tháng 4	Tháng 6	Tháng 9	Tháng 11	A, B, C, D	Các tháng có 30 ngày là 4, 6, 9, 11.	Cả 4 tháng trên (tháng 4, 6, 9, 11) đều có đúng 30 ngày.
multiple_select	Hai tháng liền kề nhau trong cùng một năm mà ĐỀU CÓ 31 NGÀY là:		Tháng 6 và Tháng 7	Tháng 7 và Tháng 8	Tháng 12 và Tháng 1 năm sau	Tháng 8 và Tháng 9	B, C	Nhớ 2 tháng mùa hè liền nhau và tháng giao năm cũ - năm mới.	Tháng 7 và tháng 8 đều có 31 ngày; Tháng 12 và Tháng 1 năm sau cũng đều có 31 ngày.
multiple_select	Các ngày nào dưới đây là ngày nghỉ cuối tuần thường lệ của học sinh?		Thứ Sáu	Thứ Bảy	Chủ Nhật	Thứ Hai	B, C	Hai ngày cuối tuần mà các em được nghỉ ở nhà với bố mẹ.	Hai ngày nghỉ cuối tuần thông thường là Thứ Bảy và Chủ Nhật.
fill_blank	Điền số thích hợp: 1 tuần lễ = ___ ngày					7	Số ngày từ thứ Hai đến Chủ Nhật.	1 tuần lễ có 7 ngày. Số cần điền là 7.
fill_blank	Điền số: Tháng 12 có ___ ngày.					31	Tháng cuối cùng trong năm có bao nhiêu ngày?	Tháng 12 có 31 ngày. Số cần điền là 31.
fill_blank	Điền số: Tháng 9 có ___ ngày.					30	Tháng tựu trường khai giảng có 30 ngày.	Tháng 9 có 30 ngày. Số cần điền là 30.
fill_blank	Nếu ngày 2 tháng 10 là Chủ Nhật thì ngày Chủ Nhật tiếp theo là ngày ___ tháng 10.					9	Lấy 2 cộng thêm 7 ngày.	2 + 7 = 9. Vậy Chủ Nhật tuần sau là ngày 9 tháng 10.
fill_blank	Điền số: Một năm có ___ tháng.					12	Từ tháng 1 đến tháng 12.	Một năm có 12 tháng. Số cần điền là 12.
fill_blank	Điền từ: Ngày liền sau của ngày Thứ Bảy là ___					Chủ Nhật	Ngày cuối cùng của tuần lễ.	Ngày liền sau của Thứ Bảy là Chủ Nhật.
true_false	Tháng 8 có 30 ngày. Đúng hay Sai?		Đúng	Sai			Sai	Tháng 8 cùng với tháng 7 đều có 31 ngày.	Tháng 8 có 31 ngày. Khẳng định nói 30 ngày là SAI.
true_false	Một năm có đúng 4 tháng có 30 ngày. Đúng hay Sai?		Đúng	Sai			Đúng	Đó là các tháng 4, 6, 9, 11.	Khẳng định ĐÚNG. Có 4 tháng có 30 ngày là tháng 4, 6, 9, 11.
true_false	Ngày 30 tháng 2 là ngày sinh nhật của bạn An. Đúng hay Sai?		Đúng	Sai			Sai	Tháng 2 chỉ có nhiều nhất là 29 ngày.	Khẳng định SAI vì tháng 2 chỉ có tối đa 28 hoặc 29 ngày, không bao giờ có ngày 30.
true_false	Tháng 10 và tháng 11 đều có 31 ngày. Đúng hay Sai?		Đúng	Sai			Sai	Tháng 10 có 31 ngày nhưng tháng 11 có bao nhiêu ngày?	Khẳng định SAI. Tháng 10 có 31 ngày nhưng tháng 11 có 30 ngày.
true_false	Nếu ngày 20 là Thứ Hai thì ngày 27 cùng tháng đó cũng là Thứ Hai. Đúng hay Sai?		Đúng	Sai			Đúng	20 + 7 = 27 (cách đúng 1 tuần).	Khẳng định ĐÚNG vì khoảng cách là 27 - 20 = 7 ngày (1 tuần lễ), cùng thứ.
matching	Nối các tháng sau với số ngày chính xác của tháng đó:		Tháng 1 || 31 ngày	Tháng 4 || 30 ngày	Tháng 2 || 28 hoặc 29 ngày	Tháng 12 || 31 ngày	1-A, 2-B, 3-C, 4-D	Nhớ số ngày của từng tháng trong năm.	Tháng 1: 31 ngày; Tháng 4: 30 ngày; Tháng 2: 28/29 ngày; Tháng 12: 31 ngày.
matching	Nối ngày lễ lớn với ngày tháng tương ứng:		Tết Dương lịch || Ngày 1 tháng 1	Ngày Quốc tế Thiếu nhi || Ngày 1 tháng 6	Ngày Quốc khánh Việt Nam || Ngày 2 tháng 9	Ngày Nhà giáo Việt Nam || Ngày 20 tháng 11	1-A, 2-B, 3-C, 4-D	Liên hệ các ngày kỷ niệm quen thuộc trong năm học.	Tết Dương lịch: 1/1; Quốc tế Thiếu nhi: 1/6; Quốc khánh: 2/9; Nhà giáo VN: 20/11.
matching	Nối thứ trong tuần với thứ liền kề sau đó:		Thứ Hai || Thứ Ba	Thứ Tư || Thứ Năm	Thứ Sáu || Thứ Bảy	Chủ Nhật || Thứ Hai tuần sau	1-A, 2-B, 3-C, 4-D	Thứ tự tuần hoàn các ngày trong tuần lễ.	Thứ Hai -> Thứ Ba; Thứ Tư -> Thứ Năm; Thứ Sáu -> Thứ Bảy; Chủ Nhật -> Thứ Hai tuần sau.
matching	Nối các tháng theo số ngày trong tháng:		Tháng 3 || Có 31 ngày	Tháng 6 || Có 30 ngày	Tháng 11 || Có 30 ngày	Tháng 10 || Có 31 ngày	1-A, 2-B, 3-C, 4-D	Xem tháng nào có 30 ngày, tháng nào có 31 ngày.	Tháng 3: 31 ngày; Tháng 6: 30 ngày; Tháng 11: 30 ngày; Tháng 10: 31 ngày.
multiple_choice	Nếu ngày 29 tháng 4 là thứ Năm thì ngày 1 tháng 5 cùng năm đó là thứ mấy?		Thứ Sáu	Thứ Bảy	Chủ Nhật	Thứ Hai	B	Tháng 4 có 30 ngày. Đếm tiếp: 29/4 (Thứ 5) -> 30/4 (Thứ 6) -> 1/5 (Thứ ?).	Tháng 4 có 30 ngày. Ngày 29/4 là thứ Năm, ngày 30/4 là thứ Sáu, do đó ngày 1/5 là Thứ Bảy.
multiple_choice	Đồng hồ có kim ngắn chỉ số 8, kim dài chỉ số 12. Đồng hồ chỉ mấy giờ?		12 giờ 8 phút	8 giờ đúng	8 giờ 12 phút	8 giờ 30 phút	B	Kim dài chỉ số 12 là giờ đúng (00 phút).	Kim ngắn chỉ số 8 (8 giờ), kim dài chỉ số 12 (00 phút). Vậy đồng hồ chỉ 8 giờ đúng.
multiple_choice	Đồng hồ có kim ngắn chỉ qua số 9 một chút, kim dài chỉ số 3. Đồng hồ chỉ mấy giờ?		9 giờ 3 phút	9 giờ 15 phút	3 giờ 45 phút	9 giờ 30 phút	B	Mỗi số trên mặt đồng hồ ứng với 5 phút (số 3 tương ứng 5 x 3 = 15 phút).	Kim dài chỉ số 3 tương ứng với 15 phút. Vậy đồng hồ chỉ 9 giờ 15 phút.
multiple_choice	Đồng hồ có kim ngắn ở giữa số 2 và số 3, kim dài chỉ số 6. Đồng hồ chỉ mấy giờ?		2 giờ 6 phút	2 giờ 30 phút (2 giờ rưỡi)	3 giờ 30 phút	6 giờ 15 phút	B	Kim dài chỉ số 6 là 30 phút (giờ rưỡi).	Kim dài chỉ số 6 là 30 phút. Kim ngắn qua số 2. Vậy là 2 giờ 30 phút (2 giờ rưỡi).
multiple_choice	Đồng hồ điện tử hiển thị '14 : 30'. Cách đọc nào sau đây đúng?		14 giờ 30 phút (hay 2 giờ rưỡi chiều)	2 giờ 30 phút sáng	4 giờ 30 phút chiều	14 giờ kém 30 phút	A	14 - 12 = 2 giờ chiều.	14:30 đọc là 14 giờ 30 phút hay 2 giờ rưỡi chiều.
multiple_choice	Một tiết học bắt đầu lúc 8 giờ và kết thúc lúc 8 giờ 35 phút. Tiết học đó kéo dài bao nhiêu phút?		30 phút	35 phút	40 phút	45 phút	B	Lấy 8 giờ 35 phút trừ đi 8 giờ.	Thời gian kéo dài: 8 giờ 35 phút - 8 giờ = 35 phút.
multiple_choice	Bé Lan bắt đầu xem phim hoạt hình lúc 19 giờ 15 phút và xem xong lúc 19 giờ 45 phút. Bộ phim dài bao lâu?		15 phút	20 phút	30 phút	45 phút	C	Lấy 45 phút trừ 15 phút.	45 phút - 15 phút = 30 phút.
multiple_choice	Xem tờ lịch block thấy ghi: Thứ Tư, Ngày 15, Tháng 10. Ngày mai sẽ là:		Thứ Ba, Ngày 14 Tháng 10	Thứ Năm, Ngày 16 Tháng 10	Thứ Năm, Ngày 15 Tháng 10	Thứ Sáu, Ngày 16 Tháng 10	B	Ngày mai thì thứ tăng lên 1 và ngày tăng lên 1.	Thứ Tư tiếp theo là Thứ Năm; Ngày 15 tiếp theo là Ngày 16. Vậy là Thứ Năm, Ngày 16 Tháng 10.
multiple_choice	Đồng hồ chỉ 7 giờ 15 phút. Khi kim phút quay đến số 6 thì đồng hồ chỉ mấy giờ?		7 giờ 30 phút	7 giờ 45 phút	8 giờ đúng	8 giờ 30 phút	A	Kim dài chỉ số 6 là 30 phút.	Khi kim phút quay từ số 3 (15 phút) đến số 6 (30 phút), đồng hồ sẽ chỉ 7 giờ 30 phút.
multiple_choice	Bạn Minh vào lớp học bơi lúc 16 giờ và bơi trong 1 giờ. Minh kết thúc buổi học lúc mấy giờ?		16 giờ 30 phút	17 giờ (5 giờ chiều)	18 giờ	15 giờ	B	16 + 1 = 17 giờ.	16 giờ + 1 giờ = 17 giờ (tức 5 giờ chiều).
multiple_choice	Quan sát tờ lịch tháng 3, ngày 26 tháng 3 là ngày thành lập Đoàn TNCS Hồ Chí Minh rơi vào Thứ Bảy. Vậy ngày 19 tháng 3 là thứ mấy?		Thứ Sáu	Thứ Bảy	Chủ Nhật	Thứ Năm	B	26 - 19 = 7 ngày (tròn 1 tuần trước).	26 - 19 = 7 ngày. Cách nhau đúng 1 tuần lễ nên ngày 19 tháng 3 cũng là Thứ Bảy.
multiple_select	Những đồng hồ nào dưới đây đang chỉ thời gian BUỔI CHIỀU HOẶC TỐI? (Chọn tất cả các đáp án đúng)		Đồng hồ A: 15 : 00	Đồng hồ B: 08 : 30	Đồng hồ C: 20 : 15	Đồng hồ D: 17 : 45	A, C, D	Các giờ từ 13:00 trở đi thuộc buổi chiều/tối/đêm.	15:00 (3h chiều), 20:15 (8h15 tối), 17:45 (5h45 chiều) đều thuộc buổi chiều và tối. 08:30 thuộc buổi sáng.
multiple_select	Khi kim phút chỉ vào SỐ 6 trên mặt đồng hồ thì có những cách gọi nào đúng?		30 phút	Rưỡi	15 phút	Nửa giờ	A, B, D	Kim phút chỉ số 6 là nửa vòng đồng hồ.	Số 6 tương ứng 30 phút, còn gọi là rưỡi hay nửa giờ.
multiple_select	Chọn các phát biểu ĐÚNG khi xem lịch và đồng hồ:		Kim ngắn chỉ giờ, kim dài chỉ phút	Một ngày kim giờ quay trọn vẹn 2 vòng quanh mặt đồng hồ	Khi kim dài chỉ số 3 là đúng 15 phút	Khi kim dài chỉ số 12 là đúng 60 giờ	A, B, C	Mỗi vòng kim giờ là 12 giờ, 1 ngày 24 giờ là 2 vòng.	A, B, C đúng. D sai vì kim dài chỉ số 12 là 00 phút (hoặc trọn 60 phút của 1 giờ, không phải 60 giờ).
multiple_select	Trên tờ lịch ngày (lịch block), em có thể đọc được những thông tin nào?		Thứ trong tuần (Thứ Hai, Thứ Ba...)	Ngày và tháng dương lịch	Ngày và tháng âm lịch	Dự báo thời tiết 10 ngày tới	A, B, C	Quan sát tờ lịch treo tường hàng ngày trong nhà.	Tờ lịch block hàng ngày cho biết: Thứ, ngày tháng dương lịch, ngày tháng âm lịch.
fill_blank	Đồng hồ chỉ 10 giờ rưỡi tức là 10 giờ ___ phút.					30	'Rưỡi' tương ứng với bao nhiêu phút?	10 giờ rưỡi = 10 giờ 30 phút. Số cần điền là 30.
fill_blank	Khi kim dài của đồng hồ chỉ vào số 3 thì chỉ ___ phút.					15	3 x 5 = 15 phút.	Kim dài chỉ số 3 là 15 phút. Số cần điền là 15.
fill_blank	Đồng hồ điện tử hiển thị '21 : 00' tương ứng với ___ giờ tối.					9	21 - 12 = 9.	21 - 12 = 9. Vậy 21:00 là 9 giờ tối.
fill_blank	Hôm nay là thứ Ba ngày 5. Thứ Ba tuần sau là ngày ___					12	Lấy 5 + 7 ngày.	5 + 7 = 12. Vậy thứ Ba tuần sau là ngày 12.
fill_blank	Kim ngắn chỉ giữa số 4 và số 5, kim dài chỉ số 6. Đồng hồ chỉ 4 giờ ___ phút.					30	Kim dài ở số 6 là bao nhiêu phút?	Kim dài chỉ số 6 là 30 phút. Đồng hồ chỉ 4 giờ 30 phút.
fill_blank	Nếu hôm nay là Chủ Nhật ngày 14 thì hôm qua là thứ Bảy ngày ___					13	Ngày hôm qua thì trừ đi 1 ngày.	14 - 1 = 13. Vậy hôm qua là ngày 13.
true_false	Khi kim phút chỉ vào số 12 thì luôn là giờ đúng (00 phút). Đúng hay Sai?		Đúng	Sai			Đúng	Vị trí bắt đầu của vòng kim phút.	Khẳng định ĐÚNG. Khi kim dài (kim phút) chỉ đúng số 12 tức là 00 phút (giờ đúng).
true_false	Đồng hồ chỉ 11 giờ 15 phút nghĩa là kim dài đang chỉ vào số 3. Đúng hay Sai?		Đúng	Sai			Đúng	15 phút tương ứng với số 3 trên mặt đồng hồ.	Khẳng định ĐÚNG. Số 3 trên đồng hồ tương ứng với 15 phút.
true_false	Học sinh vào học lúc 7 giờ 30 phút và tan học lúc 11 giờ 30 phút nghĩa là học trong 5 giờ. Đúng hay Sai?		Đúng	Sai			Sai	Lấy 11 giờ 30 phút trừ đi 7 giờ 30 phút.	11 giờ 30 - 7 giờ 30 = 4 giờ. Khẳng định nói 5 giờ là SAI.
true_false	Kim ngắn chạy nhanh hơn kim dài. Đúng hay Sai?		Đúng	Sai			Sai	Kim dài quay 1 vòng trong 1 giờ, kim ngắn mất 12 giờ mới quay 1 vòng.	Khẳng định SAI. Kim dài (kim phút) chạy nhanh hơn kim ngắn (kim giờ).
true_false	Đồng hồ hiển thị 12:00 ban ngày là 12 giờ trưa. Đúng hay Sai?		Đúng	Sai			Đúng	Thời điểm giữa ngày.	Khẳng định ĐÚNG. 12:00 ban ngày là 12 giờ trưa (chính ngọ).
matching	Nối vị trí kim dài (kim phút) với số phút tương ứng:		Kim dài chỉ số 12 || 00 phút (giờ đúng)	Kim dài chỉ số 3 || 15 phút	Kim dài chỉ số 6 || 30 phút (rưỡi)	Kim dài chỉ số 9 || 45 phút	1-A, 2-B, 3-C, 4-D	Nhớ mỗi số cách nhau 5 phút.	Số 12: 00 phút; Số 3: 15 phút; Số 6: 30 phút; Số 9: 45 phút.
matching	Nối giờ điện tử với cách đọc quen thuộc:		06 : 15 || Sáu giờ mười lăm phút sáng	11 : 30 || Mười một giờ rưỡi trưa	16 : 00 || Bốn giờ chiều	20 : 30 || Tám giờ rưỡi tối	1-A, 2-B, 3-C, 4-D	Đọc giờ kèm theo buổi phù hợp.	06:15 -> 6h15 sáng; 11:30 -> 11h30 trưa; 16:00 -> 4h chiều; 20:30 -> 8h30 tối.
matching	Nối hoạt động trong ngày với thời gian hợp lý của học sinh:		Tập thể dục buổi sáng || 6 giờ sáng	Ăn cơm trưa ở trường || 11 giờ 30 phút trưa	Tan học về nhà || 16 giờ 30 phút chiều	Lên giường đi ngủ || 21 giờ tối	1-A, 2-B, 3-C, 4-D	Thời gian biểu sinh hoạt lành mạnh hàng ngày của em.	6h sáng: tập thể dục; 11h30: ăn trưa; 16h30: tan học; 21h: đi ngủ.
matching	Nối các ngày đặc biệt với thứ trong tuần nếu ngày 1 là Thứ Hai:		Ngày 1 || Thứ Hai	Ngày 3 || Thứ Tư	Ngày 6 || Thứ Bảy	Ngày 7 || Chủ Nhật	1-A, 2-B, 3-C, 4-D	Đếm tịnh tiến từng ngày từ Thứ Hai.	Ngày 1: Thứ Hai -> Ngày 3: Thứ Tư -> Ngày 6: Thứ Bảy -> Ngày 7: Chủ Nhật.
multiple_choice	Bố Nam đi công tác từ sáng Thứ Hai đến chiều Thứ Sáu cùng tuần. Bố Nam đi công tác bao nhiêu ngày?		3 ngày	4 ngày	5 ngày	6 ngày	C	Đếm các ngày: Thứ Hai, Thứ Ba, Thứ Tư, Thứ Năm, Thứ Sáu.	Gồm 5 ngày: Thứ 2, Thứ 3, Thứ 4, Thứ 5, Thứ 6.
multiple_choice	So sánh: 1 giờ và 50 phút. Dấu thích hợp là:		>	<	=	Không so sánh được	A	Đổi 1 giờ = 60 phút rồi so sánh với 50 phút.	1 giờ = 60 phút. Vì 60 phút > 50 phút nên 1 giờ > 50 phút.
multiple_choice	So sánh: 1 ngày và 20 giờ. Dấu thích hợp là:		<	>	=	Không có dấu	B	1 ngày = 24 giờ.	1 ngày = 24 giờ. Vì 24 giờ > 20 giờ nên 1 ngày > 20 giờ.
multiple_choice	So sánh: 2 tuần lễ và 14 ngày. Dấu thích hợp là:		>	<	=	Khác nhau	C	1 tuần lễ có 7 ngày, vậy 2 tuần lễ có bao nhiêu ngày?	1 tuần = 7 ngày -> 2 tuần = 7 x 2 = 14 ngày. Do đó 2 tuần = 14 ngày.
multiple_choice	Hùng đi bộ từ nhà đến trường hết 15 phút. Hùng đến trường lúc 7 giờ 15 phút. Hùng bắt đầu đi từ nhà lúc mấy giờ?		7 giờ đúng	7 giờ 30 phút	6 giờ 45 phút	7 giờ 10 phút	A	Lấy giờ đến trường trừ đi thời gian đi đường: 7 giờ 15 phút - 15 phút.	7 giờ 15 phút - 15 phút = 7 giờ đúng.
multiple_choice	Mẹ đi chợ từ lúc 8 giờ sáng đến 8 giờ 45 phút sáng. Hỏi mẹ đi chợ hết bao nhiêu thời gian?		30 phút	40 phút	45 phút	1 giờ	C	Lấy 8 giờ 45 phút trừ đi 8 giờ.	8 giờ 45 phút - 8 giờ = 45 phút.
multiple_choice	Trong các khoảng thời gian sau, khoảng thời gian nào DÀI NHẤT?		30 phút	1 giờ	45 phút	55 phút	B	Đổi 1 giờ = 60 phút để so sánh.	1 giờ = 60 phút. Vì 60 phút > 55 phút > 45 phút > 30 phút nên 1 giờ là dài nhất.
multiple_choice	Nếu ngày 28 tháng 5 là thứ Sáu thì ngày 1 tháng 6 cùng năm đó là thứ mấy?		Chủ Nhật	Thứ Hai	Thứ Ba	Thứ Tư	C	Tháng 5 có 31 ngày: 28 (T6) -> 29 (T7) -> 30 (CN) -> 31 (T2) -> 1/6 (T3).	Tháng 5 có 31 ngày. Ngày 28 (T6), 29 (T7), 30 (CN), 31 (T2). Vậy ngày 1 tháng 6 là Thứ Ba.
multiple_choice	Đồng hồ chạy nhanh 15 phút. Hiện đồng hồ chỉ 9 giờ 15 phút. Giờ đúng thực tế là mấy giờ?		9 giờ 30 phút	9 giờ đúng	8 giờ 45 phút	10 giờ đúng	B	Vì đồng hồ chạy nhanh nên phải trừ bớt 15 phút đi.	Giờ thực tế = 9 giờ 15 phút - 15 phút = 9 giờ đúng.
multiple_choice	Một trận bóng đá mini của học sinh bắt đầu lúc 15 giờ 30 phút và kết thúc lúc 16 giờ 15 phút. Trận đấu kéo dài bao nhiêu phút?		30 phút	40 phút	45 phút	50 phút	C	Từ 15h30 đến 16h00 là 30 phút, thêm 15 phút nữa là bao nhiêu?	Từ 15h30 đến 16h00 là 30 phút; từ 16h00 đến 16h15 là 15 phút. Tổng thời gian = 30 + 15 = 45 phút.
multiple_choice	Tháng nào sau đây có ít ngày nhất trong năm?		Tháng 1	Tháng 2	Tháng 4	Tháng 11	B	Tháng này chỉ có 28 hoặc 29 ngày.	Tháng 2 chỉ có 28 hoặc 29 ngày, là tháng có ít ngày nhất trong năm.
multiple_select	Những phép so sánh nào dưới đây là ĐÚNG? (Chọn tất cả các đáp án đúng)		1 giờ > 50 phút	1 ngày = 24 giờ	7 ngày < 1 tuần lễ	65 phút > 1 giờ	A, B, D	Đổi về cùng đơn vị để so sánh.	A đúng (60p > 50p); B đúng (24h = 24h); D đúng (65p > 60p). C sai vì 7 ngày = 1 tuần lễ.
multiple_select	Những tháng nào dưới đây đều có 31 ngày?		Tháng 5	Tháng 7	Tháng 9	Tháng 10	A, B, D	Tháng 5, 7, 10 có 31 ngày. Tháng 9 có bao nhiêu ngày?	Tháng 5, tháng 7, tháng 10 có 31 ngày. Tháng 9 có 30 ngày.
multiple_select	Bé An học bài từ 19 giờ 30 phút đến 20 giờ 30 phút. Những nhận xét nào sau đây ĐÚNG?		Bé An học bài trong thời gian 1 giờ	Bé An học bài trong thời gian 60 phút	Bé An học bài vào buổi tối	Bé An học bài vào buổi chiều	A, B, C	Khoảng cách từ 19h30 đến 20h30 là 1 giờ = 60 phút.	Khoảng thời gian: 20h30 - 19h30 = 1 giờ = 60 phút. Mốc 19h30 - 20h30 thuộc buổi tối. A, B, C đều đúng.
multiple_select	Các cách viết nào biểu thị cùng một thời điểm với '3 giờ chiều'?		15 giờ	15 : 00	3 giờ tối	15 giờ 00 phút	A, B, D	3 + 12 = 15 giờ.	3 giờ chiều = 15 giờ = 15:00 = 15 giờ 00 phút.
fill_blank	Điền số thích hợp: 1 giờ 15 phút = ___ phút.					75	Lấy 60 phút + 15 phút.	1 giờ 15 phút = 60 + 15 = 75 phút.
fill_blank	Điền số: 1 ngày 4 giờ = ___ giờ.					28	1 ngày = 24 giờ, 24 + 4 = ?	24 + 4 = 28 giờ. Số cần điền là 28.
fill_blank	Bạn Hoa vẽ tranh từ 14 giờ đến 15 giờ 30 phút. Hoa đã vẽ tranh trong ___ phút.					90	1 giờ 30 phút đổi ra phút.	15 giờ 30 - 14 giờ = 1 giờ 30 phút = 60 + 30 = 90 phút.
fill_blank	Điền số: 3 tuần lễ = ___ ngày.					21	Lấy 7 nhân với 3.	7 x 3 = 21 ngày. Số cần điền là 21.
fill_blank	Nếu hôm nay là thứ Sáu ngày 13 thì thứ Sáu tuần sau là ngày ___					20	13 + 7 = ?	13 + 7 = 20. Vậy thứ Sáu tuần sau là ngày 20.
fill_blank	Điền số: 1 giờ rưỡi = ___ phút.					90	1 giờ là 60 phút, rưỡi là 30 phút.	60 + 30 = 90 phút. Số cần điền là 90.
true_false	1 giờ 20 phút bằng 80 phút. Đúng hay Sai?		Đúng	Sai			Đúng	60 + 20 = 80.	Khẳng định ĐÚNG. 1 giờ = 60 phút, 60 + 20 = 80 phút.
true_false	Tháng 2 luôn luôn có 30 ngày. Đúng hay Sai?		Đúng	Sai			Sai	Tháng 2 chỉ có 28 hoặc 29 ngày.	Khẳng định SAI. Tháng 2 chỉ có 28 hoặc 29 ngày, không bao giờ có 30 ngày.
true_false	Khoảng cách từ 8 giờ sáng đến 10 giờ sáng cùng ngày là 2 giờ. Đúng hay Sai?		Đúng	Sai			Đúng	10 - 8 = 2.	Khẳng định ĐÚNG. 10 - 8 = 2 giờ.
true_false	30 ngày nhiều hơn 4 tuần lễ. Đúng hay Sai?		Đúng	Sai			Đúng	4 tuần lễ = 7 x 4 = 28 ngày. 30 ngày > 28 ngày.	Khẳng định ĐÚNG. 4 tuần lễ = 28 ngày. 30 ngày > 28 ngày.
true_false	23 giờ là 10 giờ đêm. Đúng hay Sai?		Đúng	Sai			Sai	23 - 12 = 11.	Khẳng định SAI. 23 - 12 = 11 giờ đêm (không phải 10 giờ đêm).
matching	Nối các khoảng thời gian bằng nhau:		1 giờ 15 phút || 75 phút	1 giờ 30 phút || 90 phút	1 ngày || 24 giờ	2 tuần lễ || 14 ngày	1-A, 2-B, 3-C, 4-D	Quy đổi về cùng một đơn vị đo thời gian.	1h15p = 75p; 1h30p = 90p; 1 ngày = 24h; 2 tuần = 14 ngày.
matching	Nối phép tính với kết quả thời gian tương ứng:		2 giờ + 3 giờ || 5 giờ	45 phút - 15 phút || 30 phút	1 ngày - 12 giờ || 12 giờ	1 tuần + 3 ngày || 10 ngày	1-A, 2-B, 3-C, 4-D	Thực hiện phép tính cộng trừ số đo thời gian.	2h + 3h = 5h; 45p - 15p = 30p; 24h - 12h = 12h; 7 ngày + 3 ngày = 10 ngày.
matching	Nối thời điểm bắt đầu và kết thúc với thời lượng tương ứng:		Từ 8:00 đến 8:45 || 45 phút	Từ 9:00 đến 10:00 || 60 phút (1 giờ)	Từ 14:15 đến 14:45 || 30 phút	Từ 19:00 đến 19:15 || 15 phút	1-A, 2-B, 3-C, 4-D	Lấy thời điểm sau trừ đi thời điểm trước.	8h45 - 8h = 45p; 10h - 9h = 1h (60p); 14h45 - 14h15 = 30p; 19h15 - 19h = 15p.
matching	Nối các nhận định về tháng với giá trị đúng:		Tháng có ít ngày nhất || Tháng 2	Tháng đầu tiên trong năm || Tháng 1	Tháng có ngày Quốc khánh 2/9 || Tháng 9	Tháng có ngày Nhà giáo VN 20/11 || Tháng 11	1-A, 2-B, 3-C, 4-D	Dựa vào kiến thức về các tháng và ngày kỷ niệm.	Ít ngày nhất: Tháng 2; Đầu tiên: Tháng 1; Quốc khánh: Tháng 9; Nhà giáo: Tháng 11.
multiple_choice	Chuyến tàu hỏa khởi hành từ Hà Nội lúc 6 giờ sáng và đến Hải Phòng lúc 8 giờ 30 phút sáng cùng ngày. Chuyến đi hết bao nhiêu thời gian?		1 giờ 30 phút	2 giờ 30 phút	2 giờ	3 giờ 30 phút	B	Lấy 8 giờ 30 phút trừ đi 6 giờ.	8 giờ 30 phút - 6 giờ = 2 giờ 30 phút.
